{
  "IcoMoonType": "selection",
  "icons": [
    {
      "icon": {
        "paths": [
          "M384 469.333h-85.333v85.333h85.333v-85.333zM554.667 469.333h-85.333v85.333h85.333v-85.333zM725.333 469.333h-85.333v85.333h85.333v-85.333zM810.667 170.667h-42.667v-85.333h-85.333v85.333h-341.333v-85.333h-85.333v85.333h-42.667c-47.36 0-84.907 38.4-84.907 85.333l-0.427 597.333c0 46.933 37.973 85.333 85.333 85.333h597.333c46.933 0 85.333-38.4 85.333-85.333v-597.333c0-46.933-38.4-85.333-85.333-85.333zM810.667 853.333h-597.333v-469.333h597.333v469.333z"
        ],
        "attrs": [
          {}
        ],
        "isMulticolor": false,
        "isMulticolor2": false,
        "grid": 0,
        "tags": [
          "date"
        ]
      },
      "attrs": [
        {}
      ],
      "properties": {
        "order": 17,
        "id": 12,
        "name": "date",
        "prevSize": 32,
        "code": 59660
      },
      "setIdx": 0,
      "setId": 1,
      "iconIdx": 0
    },
    {
      "icon": {
        "paths": [
          "M512 85.333c-235.947 0-426.667 190.72-426.667 426.667s190.72 426.667 426.667 426.667 426.667-190.72 426.667-426.667-190.72-426.667-426.667-426.667zM725.333 665.173l-60.16 60.16-153.173-153.173-153.173 153.173-60.16-60.16 153.173-153.173-153.173-153.173 60.16-60.16 153.173 153.173 153.173-153.173 60.16 60.16-153.173 153.173 153.173 153.173z"
        ],
        "attrs": [
          {}
        ],
        "isMulticolor": false,
        "isMulticolor2": false,
        "grid": 0,
        "tags": [
          "list_no"
        ]
      },
      "attrs": [
        {}
      ],
      "properties": {
        "order": 13,
        "id": 10,
        "name": "list_no",
        "prevSize": 32,
        "code": 59657
      },
      "setIdx": 0,
      "setId": 1,
      "iconIdx": 1
    },
    {
      "icon": {
        "paths": [
          "M512 85.333c-235.52 0-426.667 191.147-426.667 426.667s191.147 426.667 426.667 426.667 426.667-191.147 426.667-426.667-191.147-426.667-426.667-426.667zM426.667 725.333l-213.333-213.333 60.16-60.16 153.173 152.747 323.84-323.84 60.16 60.587-384 384z"
        ],
        "attrs": [
          {}
        ],
        "isMulticolor": false,
        "isMulticolor2": false,
        "grid": 0,
        "tags": [
          "yep"
        ]
      },
      "attrs": [
        {}
      ],
      "properties": {
        "order": 12,
        "id": 9,
        "name": "yep",
        "prevSize": 32,
        "code": 59658
      },
      "setIdx": 0,
      "setId": 1,
      "iconIdx": 2
    },
    {
      "icon": {
        "paths": [
          "M512 85.333c-235.648 0-426.667 191.019-426.667 426.667s191.019 426.667 426.667 426.667c235.648 0 426.667-191.019 426.667-426.667s-191.019-426.667-426.667-426.667zM554.667 725.333h-85.333v-256h85.333v256zM554.667 384h-85.333v-85.333h85.333v85.333z"
        ],
        "attrs": [
          {}
        ],
        "isMulticolor": false,
        "isMulticolor2": false,
        "grid": 0,
        "tags": [
          "info"
        ]
      },
      "attrs": [
        {}
      ],
      "properties": {
        "order": 14,
        "id": 11,
        "name": "info",
        "prevSize": 32,
        "code": 59659
      },
      "setIdx": 0,
      "setId": 1,
      "iconIdx": 3
    },
    {
      "icon": {
        "paths": [
          "M753.067 270.933c-61.867-61.867-146.773-100.267-241.067-100.267-188.587 0-340.907 152.747-340.907 341.333s152.32 341.333 340.907 341.333c159.147 0 291.84-108.8 329.813-256h-88.747c-34.987 99.413-129.707 170.667-241.067 170.667-141.227 0-256-114.773-256-256s114.773-256 256-256c70.827 0 133.973 29.44 180.053 75.947l-137.387 137.387h298.667v-298.667l-100.267 100.267z"
        ],
        "attrs": [],
        "isMulticolor": false,
        "isMulticolor2": false,
        "grid": 0,
        "tags": [
          "reload"
        ],
        "colorPermutations": {}
      },
      "attrs": [],
      "properties": {
        "order": 11,
        "id": 8,
        "name": "reload",
        "prevSize": 32,
        "code": 59656
      },
      "setIdx": 0,
      "setId": 1,
      "iconIdx": 4
    },
    {
      "icon": {
        "paths": [
          "M512 192c-213.333 0-395.52 132.693-469.333 320 73.813 187.307 256 320 469.333 320s395.52-132.693 469.333-320c-73.813-187.307-256-320-469.333-320zM512 725.333c-117.76 0-213.333-95.573-213.333-213.333s95.573-213.333 213.333-213.333 213.333 95.573 213.333 213.333-95.573 213.333-213.333 213.333zM512 384c-70.827 0-128 57.173-128 128s57.173 128 128 128 128-57.173 128-128-57.173-128-128-128z"
        ],
        "attrs": [
          {}
        ],
        "isMulticolor": false,
        "isMulticolor2": false,
        "grid": 0,
        "tags": [
          "eye"
        ]
      },
      "attrs": [
        {}
      ],
      "properties": {
        "order": 10,
        "id": 7,
        "name": "eye",
        "prevSize": 32,
        "code": 59655
      },
      "setIdx": 0,
      "setId": 1,
      "iconIdx": 5
    },
    {
      "icon": {
        "paths": [
          "M316.16 334.507l195.84 195.413 195.84-195.413 60.16 60.16-256 256-256-256z"
        ],
        "attrs": [
          {}
        ],
        "isMulticolor": false,
        "isMulticolor2": false,
        "grid": 0,
        "tags": [
          "arr"
        ]
      },
      "attrs": [
        {}
      ],
      "properties": {
        "order": 15,
        "id": 6,
        "name": "arr",
        "prevSize": 32,
        "code": 59654
      },
      "setIdx": 0,
      "setId": 1,
      "iconIdx": 6
    },
    {
      "icon": {
        "paths": [
          "M661.333 597.333h-33.707l-11.947-11.52c41.813-48.64 66.987-111.787 66.987-180.48 0-153.173-124.16-277.333-277.333-277.333s-277.333 124.16-277.333 277.333 124.16 277.333 277.333 277.333c68.693 0 131.84-25.173 180.48-66.987l11.52 11.947v33.707l213.333 212.907 63.573-63.573-212.907-213.333zM405.333 597.333c-106.24 0-192-85.76-192-192s85.76-192 192-192 192 85.76 192 192-85.76 192-192 192z"
        ],
        "attrs": [
          {}
        ],
        "grid": 0,
        "tags": [
          "search"
        ],
        "isMulticolor": false,
        "isMulticolor2": false
      },
      "attrs": [
        {}
      ],
      "properties": {
        "order": 8,
        "id": 1,
        "name": "search",
        "prevSize": 32,
        "code": 59648
      },
      "setIdx": 0,
      "setId": 1,
      "iconIdx": 7
    },
    {
      "icon": {
        "paths": [
          "M767.965 0.213l-132.79-0.213c-149.185 0-245.595 98.913-245.595 252.008v116.192h-133.514c-11.537 0-20.88 9.353-20.88 20.891v168.35c0 11.537 9.353 20.88 20.88 20.88h133.514v424.8c0 11.537 9.343 20.88 20.88 20.88h174.198c11.537 0 20.88-9.353 20.88-20.88v-424.8h156.109c11.537 0 20.88-9.343 20.88-20.88l0.064-168.35c0-5.54-2.205-10.845-6.115-14.765s-9.236-6.125-14.776-6.125h-156.163v-98.498c0-47.342 11.282-71.375 72.952-71.375l89.453-0.032c11.527 0 20.869-9.353 20.869-20.88v-156.322c0-11.516-9.332-20.859-20.848-20.88z"
        ],
        "attrs": [
          {}
        ],
        "isMulticolor": false,
        "isMulticolor2": false,
        "grid": 0,
        "tags": [
          "facebook"
        ]
      },
      "attrs": [
        {}
      ],
      "properties": {
        "order": 7,
        "id": 5,
        "name": "facebook",
        "prevSize": 32,
        "code": 59649
      },
      "setIdx": 0,
      "setId": 1,
      "iconIdx": 8
    },
    {
      "icon": {
        "paths": [
          "M511.996 0c-141.182 0-255.996 114.814-255.996 255.996s114.814 255.996 255.996 255.996 255.996-114.814 255.996-255.996-114.814-255.996-255.996-255.996zM511.996 383.994c-70.591 0-127.998-57.407-127.998-127.998s57.407-127.998 127.998-127.998 127.998 57.407 127.998 127.998-57.407 127.998-127.998 127.998z",
          "M851.447 504.888c-25.024-25.024-65.471-25.024-90.495 0-137.214 137.214-360.57 137.214-497.848 0-25.024-25.024-65.471-25.024-90.495 0s-25.024 65.471 0 90.559c79.615 79.615 180.541 124.99 284.604 136.83l-182.461 182.461c-25.024 25.024-25.024 65.471 0 90.495s65.471 25.024 90.495 0l146.75-146.75 146.75 146.75c12.48 12.48 28.864 18.752 45.247 18.752s32.767-6.272 45.247-18.752c25.024-25.024 25.024-65.471 0-90.495l-182.461-182.461c104.062-11.84 204.989-57.215 284.604-136.83 25.024-25.024 25.024-65.535 0.064-90.559z"
        ],
        "attrs": [
          {},
          {}
        ],
        "isMulticolor": false,
        "isMulticolor2": false,
        "grid": 0,
        "tags": [
          "odnoklassniki"
        ]
      },
      "attrs": [
        {},
        {}
      ],
      "properties": {
        "order": 6,
        "id": 4,
        "name": "odnoklassniki",
        "prevSize": 32,
        "code": 59650
      },
      "setIdx": 0,
      "setId": 1,
      "iconIdx": 9
    },
    {
      "icon": {
        "paths": [
          "M1024 194.523c-37.689 16.7-78.129 28.026-120.618 33.083 43.384-25.98 76.594-67.187 92.334-116.139-40.696 24.059-85.616 41.529-133.48 50.999-38.328-40.888-92.846-66.356-153.316-66.356-116.010 0-210.072 94.062-210.072 210.009 0 16.444 1.856 32.505 5.44 47.864-174.559-8.768-329.345-92.399-432.941-219.481-18.109 30.971-28.411 67.059-28.411 105.581 0 72.883 37.113 137.191 93.423 174.815-34.426-1.151-66.804-10.621-95.15-26.363v2.624c0 101.741 72.435 186.652 168.48 205.978-17.597 4.735-36.153 7.359-55.35 7.359-13.565 0-26.683-1.344-39.544-3.904 26.746 83.505 104.301 144.228 196.188 145.893-71.859 56.31-162.466 89.776-260.879 89.776-16.956 0-33.658-1.024-50.102-2.88 92.975 59.702 203.354 94.511 321.988 94.511 386.423 0 597.648-320.069 597.648-597.648l-0.704-27.195c41.271-29.437 76.976-66.421 105.067-108.526z"
        ],
        "attrs": [
          {}
        ],
        "isMulticolor": false,
        "isMulticolor2": false,
        "grid": 0,
        "tags": [
          "twitter"
        ]
      },
      "attrs": [
        {}
      ],
      "properties": {
        "order": 5,
        "id": 3,
        "name": "twitter",
        "prevSize": 32,
        "code": 59651
      },
      "setIdx": 0,
      "setId": 1,
      "iconIdx": 10
    },
    {
      "icon": {
        "paths": [
          "M704 0h-384c-176.704 0-320 143.296-320 320v384c0 176.704 143.296 320 320 320h384c176.704 0 320-143.296 320-320v-384c0-176.704-143.296-320-320-320zM928 704c0 123.52-100.48 224-224 224h-384c-123.52 0-224-100.48-224-224v-384c0-123.52 100.48-224 224-224h384c123.52 0 224 100.48 224 224v384z",
          "M512 256c-141.376 0-256 114.624-256 256s114.624 256 256 256 256-114.624 256-256-114.624-256-256-256zM512 672c-88.192 0-160-71.808-160-160 0-88.256 71.808-160 160-160s160 71.744 160 160c0 88.192-71.808 160-160 160z",
          "M821.312 236.8c0 18.84-15.272 34.112-34.112 34.112s-34.112-15.272-34.112-34.112c0-18.84 15.272-34.112 34.112-34.112s34.112 15.272 34.112 34.112z"
        ],
        "attrs": [
          {},
          {},
          {}
        ],
        "isMulticolor": false,
        "isMulticolor2": false,
        "grid": 0,
        "tags": [
          "instagram"
        ]
      },
      "attrs": [
        {},
        {},
        {}
      ],
      "properties": {
        "order": 4,
        "id": 2,
        "name": "instagram",
        "prevSize": 32,
        "code": 59652
      },
      "setIdx": 0,
      "setId": 1,
      "iconIdx": 11
    },
    {
      "icon": {
        "paths": [
          "M1018.571 747.514c-1.24-2.672-2.396-4.889-3.47-6.665-17.766-31.998-51.717-71.273-101.833-117.836l-1.059-1.066-0.53-0.523-0.536-0.536h-0.538c-22.745-21.682-37.148-36.261-43.18-43.725-11.036-14.218-13.509-28.61-7.477-43.193 4.261-11.018 20.269-34.285 47.985-69.835 14.579-18.84 26.125-33.94 34.651-45.316 61.495-81.754 88.156-133.997 79.977-156.747l-3.176-5.316c-2.134-3.201-7.643-6.129-16.519-8.799-8.896-2.665-20.267-3.105-34.132-1.33l-153.545 1.061c-2.487-0.881-6.039-0.799-10.667 0.269-4.622 1.068-6.934 1.604-6.934 1.604l-2.672 1.335-2.121 1.604c-1.778 1.061-3.733 2.926-5.867 5.593-2.123 2.657-3.899 5.776-5.318 9.329-16.717 43.008-35.723 82.994-57.054 119.958-13.152 22.041-25.23 41.142-36.261 57.316-11.016 16.168-20.257 28.080-27.716 35.716-7.47 7.643-14.211 13.766-20.265 18.392-6.045 4.627-10.659 6.583-13.854 5.867-3.203-0.715-6.218-1.425-9.074-2.134-4.973-3.201-8.973-7.554-11.989-13.062-3.029-5.509-5.068-12.442-6.134-20.795-1.061-8.358-1.688-15.548-1.867-21.593-0.166-6.037-0.090-14.577 0.271-25.594 0.37-11.023 0.536-18.482 0.536-22.392 0-13.509 0.263-28.17 0.792-43.986 0.538-15.817 0.973-28.349 1.337-37.581 0.362-9.242 0.53-19.019 0.53-29.327s-0.627-18.392-1.867-24.259c-1.225-5.86-3.105-11.548-5.584-17.062-2.493-5.509-6.142-9.77-10.93-12.795-4.797-3.021-10.762-5.419-17.86-7.201-18.84-4.263-42.831-6.569-71.982-6.928-66.108-0.71-108.585 3.559-127.423 12.801-7.464 3.905-14.218 9.24-20.257 15.989-6.4 7.823-7.292 12.091-2.672 12.794 21.329 3.195 36.429 10.838 45.316 22.922l3.203 6.403c2.491 4.62 4.978 12.799 7.468 24.526 2.486 11.727 4.090 24.7 4.795 38.911 1.774 25.951 1.774 48.166 0 66.645-1.78 18.487-3.46 32.879-5.064 43.187s-4.002 18.661-7.199 25.057c-3.203 6.398-5.333 10.308-6.401 11.727-1.066 1.419-1.955 2.314-2.661 2.665-4.62 1.77-9.425 2.672-14.398 2.672-4.98 0-11.019-2.491-18.127-7.47-7.105-4.978-14.48-11.817-22.123-20.526-7.643-8.711-16.263-20.885-25.863-36.522-9.593-15.638-19.546-34.119-29.854-55.445l-8.528-15.466c-5.331-9.949-12.614-24.437-21.856-43.449-9.247-19.019-17.421-37.417-24.526-55.189-2.84-7.464-7.107-13.146-12.794-17.057l-2.669-1.604c-1.774-1.419-4.622-2.926-8.528-4.532-3.912-1.604-7.994-2.754-12.263-3.462l-146.084 1.061c-14.928 0-25.057 3.382-30.39 10.136l-2.134 3.195c-1.066 1.78-1.604 4.622-1.604 8.534 0 3.91 1.066 8.71 3.201 14.392 21.326 50.121 44.517 98.458 69.573 145.020s46.83 84.068 65.308 112.486c18.482 28.439 37.32 55.279 56.515 80.507 19.195 25.238 31.901 41.411 38.117 48.517 6.224 7.119 11.113 12.441 14.667 15.994l13.331 12.794c8.53 8.532 21.057 18.75 37.585 30.655 16.532 11.912 34.834 23.639 54.916 35.2 20.086 11.542 43.452 20.961 70.113 28.246 26.657 7.292 52.603 10.218 77.84 8.807h61.314c12.435-1.074 21.856-4.984 28.259-11.733l2.121-2.672c1.427-2.121 2.762-5.417 3.994-9.852 1.247-4.443 1.867-9.337 1.867-14.661-0.364-15.281 0.799-29.053 3.458-41.314 2.657-12.258 5.686-21.499 9.074-27.723 3.386-6.218 7.206-11.466 11.458-15.72 4.261-4.263 7.298-6.846 9.079-7.735 1.77-0.894 3.184-1.501 4.25-1.866 8.53-2.842 18.569-0.090 30.132 8.271 11.554 8.353 22.39 18.666 32.526 30.924 10.131 12.269 22.302 26.033 36.517 41.314 14.224 15.286 26.661 26.65 37.32 34.125l10.659 6.398c7.119 4.269 16.36 8.179 27.736 11.733 11.356 3.552 21.305 4.441 29.848 2.665l136.482-2.129c13.499 0 24.003-2.235 31.454-6.67 7.466-4.443 11.901-9.337 13.331-14.661 1.427-5.33 1.503-11.376 0.271-18.136-1.264-6.743-2.51-11.458-3.75-14.123z"
        ],
        "attrs": [
          {}
        ],
        "isMulticolor": false,
        "isMulticolor2": false,
        "grid": 0,
        "tags": [
          "vk"
        ]
      },
      "attrs": [
        {}
      ],
      "properties": {
        "order": 3,
        "id": 0,
        "name": "vk",
        "prevSize": 32,
        "code": 59653
      },
      "setIdx": 0,
      "setId": 1,
      "iconIdx": 12
    }
  ],
  "height": 1024,
  "metadata": {
    "name": "icomoon"
  },
  "preferences": {
    "showGlyphs": true,
    "showCodes": true,
    "showQuickUse": true,
    "showQuickUse2": true,
    "showSVGs": true,
    "fontPref": {
      "prefix": "icon-",
      "metadata": {
        "fontFamily": "icomoon"
      },
      "metrics": {
        "emSize": 1024,
        "baseline": 6.25,
        "whitespace": 50
      },
      "embed": false
    },
    "imagePref": {
      "prefix": "icon-",
      "png": true,
      "useClassSelector": true,
      "color": 0,
      "bgColor": 16777215
    },
    "historySize": 50,
    "gridSize": 16
  }
}